{
  "type": "minecraft:entity",
  "pools": [
    {
      "rolls": 1.0,
      "bonus_rolls": 0.0,
      "entries": [
        {
          "type": "minecraft:item",
		  "weight": 17,
          "functions": [
            {
              "function": "minecraft:set_count",
              "count": {
                "type": "minecraft:uniform",
                "min": 0.0,
                "max": 2.0
              },
              "add": false
            },
            {
              "function": "minecraft:looting_enchant",
              "count": {
                "type": "minecraft:uniform",
                "min": 0.0,
                "max": 1.0
              }
            }
          ],
          "name": "minecraft:gunpowder"
        },
		{
          "type": "minecraft:item",
		  "weight": 1,
          "functions": [
            {
              "function": "minecraft:set_count",
              "count": {
                "type": "minecraft:uniform",
                "min": 0.0,
                "max": 2.0
              },
              "add": false
            },
            {
              "function": "minecraft:looting_enchant",
              "count": {
                "type": "minecraft:uniform",
                "min": 0.0,
                "max": 1.0
              },
			  "limit": 1
            },
			{
              "function": "set_nbt",
              "tag": "{CustomModelData:3, creeperTotem:1b, display:{Name:'{\"text\":\"Creeper Totem of Undying\", \"italic\":false}', Lore:['{\"text\":\"Obtained from a Creeper\", \"italic\":false, \"color\":\"blue\"}', '{\"text\":\"Common\", \"italic\":false, \"color\":\"dark_aqua\"}']}}"
            }
          ],
          "name": "minecraft:totem_of_undying"
        }
      ]
    },
    {
      "rolls": 1.0,
      "bonus_rolls": 0.0,
      "entries": [
        {
          "type": "minecraft:tag",
          "name": "minecraft:creeper_drop_music_discs",
          "expand": true
        }
      ],
      "conditions": [
        {
          "condition": "minecraft:entity_properties",
          "predicate": {
            "type": "#minecraft:skeletons"
          },
          "entity": "killer"
        }
      ]
    }
  ]
}