{
    "pools": [
        {
            "rolls": 1,
            "entries": [
                {
                    "type": "item",
                    "weight": 1,
                    "name": "minecraft:arrow",
                    "functions": [
                        {
                            "function": "set_count",
                            "count": {
                                "min": 0,
                                "max": 2
                            }
                        },
                        {
                            "function": "looting_enchant",
                            "count": {
                                "min": 0,
                                "max": 1
                            }
                        }
                    ]
                }
            ]
        },
        {
            "rolls": 1,
            "entries": [
                {
                    "type": "item",
                    "weight": 17,
                    "name": "minecraft:bone",
                    "functions": [
                        {
                            "function": "set_count",
                            "count": {
                                "min": 0,
                                "max": 2
                            }
                        },
                        {
                            "function": "looting_enchant",
                            "count": {
                                "min": 0,
                                "max": 1
                            }
                        }
                    ]
                },
                {
                    "type": "item",
                    "weight": 1,
                    "name": "minecraft:totem_of_undying",
                    "functions": [
                        {
                            "function": "set_count",
                            "count": {
                                "min": 0,
                                "max": 1
                            }
                        },
                        {
                            "function": "looting_enchant",
                            "count": {
                                "min": 0,
                                "max": 1
                            },
                            "limit": 1
                        },
                        {
                            "function": "set_nbt",
                            "tag": "{CustomModelData:1, skeletonTotem:1b, display:{Name:'{\"text\":\"Skeleton Totem of Undying\",\"italic\":false}', Lore:['{\"text\":\"Obtained from a Skeleton\", \"italic\":false, \"color\":\"blue\"}', '{\"text\":\"Common\", \"italic\":false, \"color\":\"dark_aqua\"}']}}"
                        }
                    ]
                }
            ]
        }
    ]
}